{
    "Sun": {
        "type": "Origin",
        "mass_kg": 1.989e30,
        "radius_m": 696340000,
        "position": [0, 0, 0],
        "velocity": [0, 0, 0],
        "acceleration": [0, 0, 0],
        "color": [255, 204, 0]
    },
    "Mercury": {
        "type": "Celestial_body",
        "mass_kg": 3.3011e23,
        "radius_m": 2439700,
        "position": [58000000000, 0, 0],
        "velocity": [0, 47362, 0],
        "acceleration": [0, 0, 0],
        "color": [169, 169, 169]
    },
    "Venus": {
        "type": "Celestial_body",
        "mass_kg": 4.8675e24,
        "radius_m": 6051800,
        "position": [108000000000, 0, 0],
        "velocity": [0, 35025.71, 0],
        "acceleration": [0, 0, 0],
        "color": [255, 153, 51]
    },
    "Earth": {
        "type": "Celestial_body",
        "mass_kg": 5.9736e24,
        "radius_m": 6378137,
        "position": [149597870700, 0, 0],
        "velocity": [0, 29783, 0],
        "acceleration": [0, 0, 0],
        "color": [0, 102, 204]
    },
    "Mars": {
        "type": "Celestial_body",
        "mass_kg": 6.4185e23,
        "radius_m": 3396200,
        "position": [227900000000, 0, 0],
        "velocity": [0, 24080, 0],
        "acceleration": [0, 0, 0],
        "color": [204, 51, 0]
    },
    "Jupiter": {
        "type": "Celestial_body",
        "mass_kg": 1.8986e27,
        "radius_m": 71492000,
        "position": [778500000000, 0, 0],
        "velocity": [0, 13058.5, 0],
        "acceleration": [0, 0, 0],
        "color": [204, 102, 0]
    },
    "Saturn": {
        "type": "Celestial_body",
        "mass_kg": 5.6846e26,
        "radius_m": 60268000,
        "position": [1434000000000, 0, 0],
        "velocity": [0, 9640.7, 0],
        "acceleration": [0, 0, 0],
        "color": [204, 204, 153]
    },
    "Uranus": {
        "type": "Celestial_body",
        "mass_kg": 8.6810e25,
        "radius_m": 25559000,
        "position": [2871000000000, 0, 0],
        "velocity": [0, 6796.732, 0],
        "acceleration": [0, 0, 0],
        "color": [102, 204, 255]
    },
    "Neptune": {
        "type": "Celestial_body",
        "mass_kg": 1.0243e26,
        "radius_m": 24764000,
        "position": [4495000000000, 0, 0],
        "velocity": [0, 5432.48, 0],
        "acceleration": [0, 0, 0],
        "color": [0, 0, 153]
    }
}